date,capital,ret,n_hold,phase
2012-01-19 16:00:00,1078310.8808290155,0.08031088082901561,1,样本内
2012-02-02 16:00:00,1120114.1750723773,0.04076738609112707,1,样本内
2012-02-09 16:00:00,1115293.0384847387,-0.0023041474654377225,1,样本内
2012-02-16 16:00:00,1141395.5319073815,0.025404157043879882,1,样本内
2012-02-23 16:00:00,1126259.1875563213,-0.011261261261261368,1,样本内
2012-03-01 16:00:00,1165054.840026086,0.036446469248291535,1,样本内
2012-03-11 16:00:00,1083347.367618982,-0.068131868131868,1,样本内
2012-03-18 16:00:00,1053074.9628747609,-0.025943396226415172,1,样本内
2012-03-25 16:00:00,979148.9304930653,-0.0682001614205004,2,样本内
2012-04-04 16:00:00,1038462.4108739337,0.06257656658114319,2,样本内
2012-04-11 16:00:00,1049951.8383177305,0.013063883799248721,2,样本内
2012-04-18 16:00:00,1152267.4251605729,0.09944788580662528,2,样本内
2012-04-25 16:00:00,1083832.7598227754,-0.05739130434782608,2,样本内
2012-05-06 16:00:00,1061680.2177939988,-0.018439077734095293,3,样本内
2012-05-13 16:00:00,1063736.325473664,0.003936654413640402,3,样本内
2012-05-20 16:00:00,1039335.8353805066,-0.020938475925688132,3,样本内
2012-05-27 16:00:00,1001278.1841173016,-0.034617279966366064,3,样本内
2012-06-03 16:00:00,1001175.7517856586,0.0018976984286006582,3,样本内
2012-06-10 16:00:00,1038697.5315627463,0.03947771528641719,3,样本内
2012-06-17 16:00:00,962969.638248351,-0.0709065883120572,3,样本内
2012-06-25 16:00:00,951103.8649183426,-0.010322063810435841,3,样本内
2012-07-02 16:00:00,872259.4356978899,-0.08089781182544326,4,样本内
2012-07-09 16:00:00,879708.2526549901,0.010539680572375282,4,样本内
2012-07-16 16:00:00,885504.7113259985,0.008589069334651173,4,样本内
2012-07-23 16:00:00,822891.6608528038,-0.06870888463081667,4,样本内
2012-07-30 16:00:00,844919.6242650726,0.02876897149430363,4,样本内
2012-08-06 16:00:00,878792.7062574604,0.04209030092282598,4,样本内
2012-08-13 16:00:00,892977.0243262902,0.018140687067416644,4,样本内
2012-08-20 16:00:00,883885.5465185578,-0.008181088157997701,4,样本内
2012-08-27 16:00:00,893162.1894135671,0.012495298776575792,4,样本内
2012-09-03 16:00:00,922466.0977584725,0.034809168023722276,4,样本内
2012-09-10 16:00:00,872189.8475589063,-0.052502003186603835,4,样本内
2012-09-17 16:00:00,859730.3482327389,-0.012285306531644613,4,样本内
2012-09-24 16:00:00,903543.8882392431,0.05296195579994034,4,样本内
2012-10-08 16:00:00,900761.3943089076,-0.0010795337853015397,4,样本内
2012-10-15 16:00:00,925230.2203643445,0.029164603423318558,4,样本内
2012-10-22 16:00:00,875448.3270115952,-0.051804871757372806,4,样本内
2012-10-29 16:00:00,888171.526925306,0.016533353392932104,4,样本内
2012-11-05 16:00:00,869085.6142765826,-0.019488994040143835,5,样本内
2012-11-12 16:00:00,911927.0711434138,0.05129486366253109,5,样本内
2012-11-19 16:00:00,871121.74890217,-0.04274625606856955,4,样本内
2012-11-26 16:00:00,833657.4326443254,-0.04100698071774567,4,样本内
2012-12-03 16:00:00,880320.4939868395,0.05797390428644161,4,样本内
2012-12-10 16:00:00,928538.8655585357,0.05677365561867398,4,样本内
2012-12-17 16:00:00,934113.0260951385,0.008003152634057764,4,样本内
2012-12-24 16:00:00,935373.7573234298,0.003349655976388144,4,样本内
2013-01-03 16:00:00,928124.2975660079,-0.005750334773306248,4,样本内
2013-01-10 16:00:00,967376.5970810148,0.04429207188944995,4,样本内
2013-01-17 16:00:00,946020.4989637762,-0.020076302219506875,4,样本内
2013-01-24 16:00:00,983410.0097711893,0.041522939353182964,4,样本内
2013-01-31 16:00:00,1008264.6013776616,0.027273885113550167,4,样本内
2013-02-07 16:00:00,1005283.5106072518,-0.0009566551938217316,5,样本内
2013-02-21 16:00:00,1079360.6352263778,0.07568779437591586,5,样本内
2013-02-28 16:00:00,1103827.0730440933,0.024667528367461777,5,样本内
2013-03-07 16:00:00,1067318.2494686167,-0.0310747672955638,4,样本内
2013-03-14 16:00:00,1079416.5566650638,0.013335238765448426,4,样本内
2013-03-21 16:00:00,1046544.5423975907,-0.028453502000222813,4,样本内
2013-03-28 16:00:00,1020455.118682452,-0.022929109711249285,5,样本内
2013-04-08 16:00:00,1028079.7264944247,0.009471771832373289,5,样本内
2013-04-15 16:00:00,1018637.387569999,-0.007184442296729809,5,样本内
2013-04-22 16:00:00,1172051.1615100005,0.15260685560145817,5,样本内
2013-05-02 16:00:00,1219837.5365008481,0.042771577692293394,4,样本内
2013-05-09 16:00:00,1176842.0530832964,-0.033246893238657066,4,样本内
2013-05-16 16:00:00,1253297.9544411032,0.06696700313988131,3,样本内
2013-05-23 16:00:00,1539863.77278436,0.23064939444591062,3,样本内
2013-05-30 16:00:00,1449457.862187329,-0.05671033022197819,2,样本内
2013-06-06 16:00:00,1391499.8654112075,-0.03798598254430041,2,样本内
2013-06-18 16:00:00,1183345.2471767697,-0.14759011021745605,2,样本内
2013-06-25 16:00:00,1150185.748609458,-0.026021829340527325,3,样本内
2013-07-02 16:00:00,1362122.9593675365,0.18626346441372998,3,样本内
2013-07-09 16:00:00,1339497.0555185643,-0.014610764610764604,2,样本内
2013-07-16 16:00:00,1418981.854009425,0.06133928571428571,2,样本内
2013-07-23 16:00:00,1446658.014123436,0.021504238222504468,2,样本内
2013-07-30 16:00:00,1569456.3237191655,0.08688413183826027,2,样本内
2013-08-06 16:00:00,1669774.6278523991,0.06591914360223028,2,样本内
2013-08-13 16:00:00,1687827.785550576,0.012811733150716265,2,样本内
2013-08-20 16:00:00,1665975.7726172798,-0.010946826163409862,2,样本内
2013-08-27 16:00:00,1619789.1388182247,-0.025723472668810254,2,样本内
2013-09-03 16:00:00,1641966.1771155982,0.015691311891098236,2,样本内
2013-09-10 16:00:00,1634293.892783442,-0.0026726202031967516,2,样本内
2013-09-17 16:00:00,1570791.4752886398,-0.036856179892252094,2,样本内
2013-09-26 16:00:00,1605790.4561396656,0.024281112039136077,2,样本内
2013-10-10 16:00:00,1566473.2977381875,-0.0224846133261975,2,样本内
2013-10-17 16:00:00,1820590.689913701,0.16422261339687727,3,样本内
2013-10-24 16:00:00,1837122.3797765179,0.011080398990505946,2,样本内
2013-10-31 16:00:00,1964144.5207124588,0.07114190493471255,3,样本内
2013-11-07 16:00:00,1900034.9139147885,-0.030639964178611256,3,样本内
2013-11-14 16:00:00,1993970.1680370716,0.05143869895987385,3,样本内
2013-11-21 16:00:00,2081285.9046000978,0.045789891124089675,3,样本内
2013-11-28 16:00:00,2254410.4115764974,0.08518151129249302,4,样本内
2013-12-05 16:00:00,2201464.836648081,-0.02148533108991087,3,样本内
2013-12-12 16:00:00,2112623.870907163,-0.038355387132227046,3,样本内
2013-12-19 16:00:00,2150959.249033061,0.020145860535712434,3,样本内
2013-12-26 16:00:00,2036203.5038838563,-0.05135096199558024,3,样本内
2014-01-05 16:00:00,2024852.343625762,-0.003574668856252905,3,样本内
2014-01-12 16:00:00,2018499.8106164678,-0.00113728209826854,3,样本内
2014-01-19 16:00:00,2158746.2675115033,0.07148054003146176,3,样本内
2014-01-26 16:00:00,2250025.6916717137,0.044283535371404614,3,样本内
2014-02-09 16:00:00,2420144.8836055514,0.07760766642066352,3,样本内
2014-02-16 16:00:00,2341708.0408619875,-0.030409978127717768,3,样本内
2014-02-23 16:00:00,2349282.1155598327,0.005234423149974392,3,样本内
2014-03-02 16:00:00,2277378.687302961,-0.028606553287337744,3,样本内
2014-03-09 16:00:00,2339745.062709658,0.029385158100586173,3,样本内
2014-03-16 16:00:00,2376030.944528198,0.017508476712637,3,样本内
2014-03-23 16:00:00,2290715.885055819,-0.03390654392311365,3,样本内
2014-03-30 16:00:00,2444079.3793578125,0.06895002872355598,3,样本内
2014-04-07 16:00:00,2508768.4878255716,0.028467679001799306,4,样本内
2014-04-14 16:00:00,2425096.0478339335,-0.03135199736351899,5,样本内
2014-04-21 16:00:00,2462903.818742249,0.01759021587705158,6,样本内
2014-04-28 16:00:00,2534729.4161419943,0.03116297293185615,5,样本内
2014-05-07 16:00:00,2477347.9172966047,-0.020638116116049755,5,样本内
2014-05-14 16:00:00,2459038.528962707,-0.005390721426757716,5,样本内
2014-05-21 16:00:00,2473255.9106001356,0.007781683153791685,6,样本内
2014-05-28 16:00:00,2562213.1392726623,0.037967660399097804,6,样本内
2014-06-05 16:00:00,2548329.262776968,-0.0034187047450844332,6,样本内
2014-06-12 16:00:00,2532962.235848463,-0.0040302360267836694,6,样本内
2014-06-19 16:00:00,2600265.5341121755,0.028570983692999246,6,样本内
2014-06-26 16:00:00,2695169.813496074,0.03849791843904987,6,样本内
2014-07-03 16:00:00,2661312.5856690533,-0.010562187234912165,6,样本内
2014-07-10 16:00:00,2688059.4860684415,0.012050266377357713,6,样本内
2014-07-17 16:00:00,2628714.311915582,-0.020077329188744147,6,样本内
2014-07-24 16:00:00,2696876.2078611893,0.027929746582440962,6,样本内
2014-07-31 16:00:00,2744116.0988587555,0.01951652184103414,6,样本内
2014-08-07 16:00:00,2814824.5727256155,0.02776730404965969,7,样本内
2014-08-14 16:00:00,2929693.538574635,0.04280857008356705,6,样本内
2014-08-21 16:00:00,2886017.680034337,-0.01290799565388924,8,样本内
2014-08-28 16:00:00,3158127.8929356257,0.09628570544933415,8,样本内
2014-09-04 16:00:00,3390710.5364258457,0.07564573297062513,8,样本内
2014-09-14 16:00:00,3259438.0730541595,-0.036715325876817695,7,样本内
2014-09-21 16:00:00,3452952.1310862093,0.061370374185610116,8,样本内
2014-09-28 16:00:00,3493730.862712002,0.013809816666344829,8,样本内
2014-10-12 16:00:00,3417964.662050134,-0.019686330069241323,8,样本内
2014-10-19 16:00:00,3324270.019225503,-0.02541240828640759,8,样本内
2014-10-26 16:00:00,3448503.3200663286,0.03937160342641777,8,样本内
2014-11-02 16:00:00,3379095.156861179,-0.018127039693212346,8,样本内
2014-11-09 16:00:00,3252047.011024786,-0.03559827407595327,8,样本内
2014-11-16 16:00:00,3322459.7401974066,0.023651817742459946,8,样本内
2014-11-23 16:00:00,3339720.075067942,0.0071950471097386864,8,样本内
2014-11-30 16:00:00,3181360.911258866,-0.045416897299650066,8,样本内
2014-12-07 16:00:00,3216807.7778246687,0.013142045041276432,8,样本内
2014-12-14 16:00:00,2874082.3787077735,-0.1045420823337662,8,样本内
2014-12-21 16:00:00,2958628.9963020002,0.03141690823498246,8,样本内
2014-12-28 16:00:00,2971709.238083442,0.006421048329408905,9,样本内
2015-01-06 16:00:00,2955413.3254514695,-0.003483683404531923,8,样本内
2015-01-13 16:00:00,3065483.1061059074,0.039243447373853685,8,样本内
2015-01-20 16:00:00,3173684.648672107,0.03729673425721414,8,样本内
2015-01-27 16:00:00,3170535.744960193,0.0010078082542852168,8,样本内
2015-02-03 16:00:00,3172353.7812478626,0.0025734161144718637,7,样本内
2015-02-10 16:00:00,3405008.3212319086,0.07533814449047029,7,样本内
2015-02-24 16:00:00,3733595.99424915,0.09850128340901099,8,样本内
2015-03-03 16:00:00,3905702.650997491,0.04809675417839436,8,样本内
2015-03-10 16:00:00,4162842.7017931794,0.06783707818361862,8,样本内
2015-03-17 16:00:00,4615658.330530536,0.11077557985611677,8,样本内
2015-03-24 16:00:00,4531741.087003462,-0.016180991208122802,8,样本内
2015-03-31 16:00:00,4792919.610649991,0.05963315216651716,7,样本内
2015-04-08 16:00:00,5091359.052943085,0.06426673229193211,7,样本内
2015-04-15 16:00:00,5643591.184817442,0.11046458207561217,7,样本内
2015-04-22 16:00:00,5937469.478592291,0.05407292380877063,8,样本内
2015-04-29 16:00:00,5609785.821284073,-0.05318911019074531,7,样本内
2015-05-07 16:00:00,6423238.671093932,0.14700604403175954,7,样本内
2015-05-14 16:00:00,6971699.708728429,0.08738699334071116,7,样本内
2015-05-21 16:00:00,7088014.475669602,0.018683846379032847,7,样本内
2015-05-28 16:00:00,8445608.782216597,0.19353379429558024,7,样本内
2015-06-04 16:00:00,8312400.694904164,-0.01377246717760851,7,样本内
2015-06-11 16:00:00,7433672.680547045,-0.10371290372176295,6,样本内
2015-06-18 16:00:00,6004325.700957229,-0.19028005334835776,6,样本内
2015-06-28 16:00:00,4364934.580558328,-0.2710350087666871,6,样本内
2015-07-05 16:00:00,4766218.172629966,0.09393347223552424,6,样本内
2015-07-12 16:00:00,5005174.388736141,0.0521353919294717,4,样本内
2015-07-19 16:00:00,5063679.717370699,0.013688969072930001,5,样本内
2015-07-26 16:00:00,4929308.635427214,-0.02453625218090553,6,样本内
2015-08-02 16:00:00,5581510.308759552,0.13431098346022166,6,样本内
2015-08-09 16:00:00,6141890.439153154,0.10239937210438334,6,样本内
2015-08-16 16:00:00,5083610.170911516,-0.17030529895084787,6,样本内
2015-08-23 16:00:00,4686195.379893212,-0.07617570145175895,6,样本内
2015-08-30 16:00:00,4332595.148937465,-0.073455716693529,7,样本内
2015-09-08 16:00:00,3969457.244892614,-0.0818153327420651,6,样本内
2015-09-15 16:00:00,3933699.843690976,-0.007008133605078108,6,样本内
2015-09-22 16:00:00,3901142.476660926,-0.006276525490948967,8,样本内
2015-09-29 16:00:00,4495698.854558456,0.15440570716259108,8,样本内
2015-10-13 16:00:00,4598656.980227301,0.024901472941064675,7,样本内
2015-10-20 16:00:00,5012576.048250156,0.09200868510144804,8,样本内
2015-10-27 16:00:00,4982881.671254345,-0.003923975359172216,9,样本内
2015-11-03 16:00:00,5375515.606778202,0.08079656018903998,9,样本内
2015-11-10 16:00:00,5457011.068031588,0.017160491981573864,9,样本内
2015-11-17 16:00:00,5961703.7469472345,0.0944851851359166,9,样本内
2015-11-24 16:00:00,5538196.364809023,-0.06903797842270744,9,样本内
2015-12-01 16:00:00,5826972.7497254815,0.05414267712705339,9,样本内
2015-12-08 16:00:00,5899391.891921003,0.01442826169024616,9,样本内
2015-12-15 16:00:00,6148706.836495799,0.04426112608593165,8,样本内
2015-12-22 16:00:00,6102103.541233646,-0.005579365304186845,8,样本内
2015-12-29 16:00:00,5683955.436886053,-0.06652523912812162,9,样本内
2016-01-06 16:00:00,4995039.418015167,-0.11920362774137215,11,样本内
2016-01-13 16:00:00,4846331.644912155,-0.02777109100814717,11,样本内
2016-01-20 16:00:00,4237484.852474916,-0.12363044319850199,11,样本内
2016-01-27 16:00:00,4676174.094147102,0.1055258548277684,11,样本内
2016-02-03 16:00:00,4880840.534893779,0.045767925792764425,12,样本内
2016-02-17 16:00:00,4689773.795123396,-0.03714627786022121,12,样本内
2016-02-24 16:00:00,4628625.620076388,-0.011038619284919893,11,样本内
2016-03-02 16:00:00,4763954.938317157,0.031237473355759368,11,样本内
2016-03-09 16:00:00,5129952.765981115,0.0788264671691551,9,样本内
2016-03-16 16:00:00,5428370.795189268,0.06017169140173936,9,样本内
2016-03-23 16:00:00,5507631.757037815,0.01660124314256301,9,样本内
2016-03-30 16:00:00,5578021.806061382,0.014780456669715034,9,样本内
2016-04-07 16:00:00,5744997.833352072,0.03193463150489029,9,样本内
2016-04-14 16:00:00,5499137.042283691,-0.04079562816213066,7,样本内
2016-04-21 16:00:00,5460711.8139425265,-0.00498750150172779,8,样本内
2016-04-28 16:00:00,5097138.790990118,-0.06457978581182736,8,样本内
2016-05-08 16:00:00,4908630.985853596,-0.0349830630215006,8,样本内
2016-05-15 16:00:00,4859910.3621845925,-0.007925501389168066,10,样本内
2016-05-22 16:00:00,4776082.8766726,-0.015248771945314255,11,样本内
2016-05-29 16:00:00,5249319.543703099,0.10108468492912615,12,样本内
2016-06-05 16:00:00,5087832.005473076,-0.02876351837329798,12,样本内
2016-06-14 16:00:00,5011502.725429896,-0.013002319251317942,12,样本内
2016-06-21 16:00:00,5147146.517703534,0.029066490772386506,12,样本内
2016-06-28 16:00:00,5308303.179309584,0.03330990366249623,12,样本内
2016-07-05 16:00:00,5373798.596442939,0.014338296235346751,12,样本内
2016-07-12 16:00:00,5457697.013594501,0.017612497499831393,12,样本内
2016-07-19 16:00:00,5281139.9465455245,-0.030350104193983818,12,样本内
2016-07-26 16:00:00,5313957.211021817,0.008214049392453413,12,样本内
2016-08-02 16:00:00,5493603.961211265,0.03580658576189482,12,样本内
2016-08-09 16:00:00,5677980.896387701,0.0355621090413993,13,样本内
2016-08-16 16:00:00,5661950.52720946,-0.000823251692945888,13,样本内
2016-08-23 16:00:00,5631336.593745024,-0.0034069588417128685,13,样本内
2016-08-30 16:00:00,5744653.375567779,0.022122537507102878,13,样本内
2016-09-06 16:00:00,5694142.031355362,-0.006792757527763657,13,样本内
2016-09-13 16:00:00,5871953.878958518,0.03322715355957333,13,样本内
2016-09-22 16:00:00,5798212.825039259,-0.010558180026498823,12,样本内
2016-09-29 16:00:00,5923869.3661022335,0.023671598620928946,12,样本内
2016-10-13 16:00:00,5892938.328987992,-0.0032214245795552697,13,样本内
2016-10-20 16:00:00,5909930.86727213,0.004883542527596089,14,样本内
2016-10-27 16:00:00,6042542.094719779,0.02443871043940978,14,样本内
2016-11-03 16:00:00,6029862.771106399,-9.83426204776269e-05,14,样本内
2016-11-10 16:00:00,6163093.930350013,0.024095222445529692,13,样本内
2016-11-17 16:00:00,6060120.655870111,-0.014708048853971359,13,样本内
2016-11-24 16:00:00,5806025.205746475,-0.03992910744730923,13,样本内
2016-12-01 16:00:00,5858889.184161626,0.011105020481624737,14,样本内
2016-12-08 16:00:00,5453759.666974593,-0.067147837491486,14,样本内
2016-12-15 16:00:00,5390708.960578252,-0.009560961656991683,13,样本内
2016-12-22 16:00:00,5379445.09355398,-8.949641070282305e-05,13,样本内
2016-12-29 16:00:00,5375820.707355279,0.0013262527759518006,13,样本内
2017-01-08 16:00:00,4910192.011339444,-0.08461536932932948,13,样本内
2017-01-15 16:00:00,5022986.582785597,0.02497151948145197,14,样本内
2017-01-22 16:00:00,5042723.698789432,0.005929358694979552,13,样本内
2017-02-05 16:00:00,5160740.132725496,0.025403311580286497,12,样本内
2017-02-12 16:00:00,5015864.898241437,-0.026072569197075117,14,样本内
2017-02-19 16:00:00,5019867.417471542,0.0027979718974305606,14,样本内
2017-02-26 16:00:00,5067982.163236124,0.01158486385459496,14,样本内
2017-03-05 16:00:00,5076329.686150748,0.003647109765929618,13,样本内
2017-03-12 16:00:00,5015032.79051377,-0.010075042289748946,13,样本内
2017-03-19 16:00:00,5000417.261033253,-0.0009143437522806963,13,样本内
2017-03-26 16:00:00,4931897.60935957,-0.011702786806940377,13,样本内
2017-04-04 16:00:00,4891991.1275557345,-0.006091506548737324,13,样本内
2017-04-11 16:00:00,4503161.281023401,-0.07748294189294884,14,样本内
2017-04-18 16:00:00,4203144.580032362,-0.06462357447762938,15,样本内
2017-04-25 16:00:00,4137970.363605006,-0.013506061042243203,12,样本内
2017-05-03 16:00:00,3883639.0107547203,-0.05946282609639378,12,样本内
2017-05-10 16:00:00,3908444.7683920753,0.008387245974371516,12,样本内
2017-05-17 16:00:00,3704090.567435089,-0.050285298390197596,12,样本内
2017-05-24 16:00:00,3753216.54063001,0.015262627438653201,13,样本内
2017-06-04 16:00:00,3826862.954049031,0.021622212739864543,11,样本内
2017-06-11 16:00:00,3956763.202973112,0.03594431692063595,12,样本内
2017-06-18 16:00:00,3971781.620108177,0.0057956320266475585,12,样本内
2017-06-25 16:00:00,4027248.9869409483,0.015965361678485484,12,样本内
2017-07-02 16:00:00,4014235.6477475776,-0.001231322234003533,11,样本内
2017-07-09 16:00:00,3828498.6402746993,-0.044269582498749654,11,样本内
2017-07-16 16:00:00,3884550.581751796,0.016640710822630706,12,样本内
2017-07-23 16:00:00,3871719.7700639423,-0.0013030363275813972,10,样本内
2017-07-30 16:00:00,3780718.94711196,-0.021503979718676722,11,样本内
2017-08-06 16:00:00,3736003.2940777047,-0.009827288317322004,13,样本内
2017-08-13 16:00:00,3807301.7049190844,0.021084140250733168,14,样本内
2017-08-20 16:00:00,3869388.1660503685,0.018307208081531225,16,样本内
2017-08-27 16:00:00,3885043.5821868023,0.006045966820747664,16,样本内
2017-09-03 16:00:00,3902867.5507546687,0.0065878426305410066,18,样本内
2017-09-10 16:00:00,3903482.2133533666,0.0021574899969584393,20,样本内
2017-09-17 16:00:00,3841347.566905441,-0.013917748064886775,20,样本内
2017-09-24 16:00:00,3857192.253201232,0.006124772887592389,20,样本内
2017-10-08 16:00:00,3791632.7087499825,-0.014996701265496676,20,样本内
2017-10-15 16:00:00,3734856.182451813,-0.01297416302141972,20,样本内
2017-10-22 16:00:00,3674727.7303319387,-0.014099268400852339,20,样本内
2017-10-29 16:00:00,3652110.9903831077,-0.004154670933072873,20,样本内
2017-11-05 16:00:00,3659156.8864303487,0.003929266680502063,20,样本内
2017-11-12 16:00:00,3489237.774313998,-0.04443668402043116,20,样本内
2017-11-19 16:00:00,3336092.6458238834,-0.04189071149506966,20,样本内
2017-11-26 16:00:00,3387954.401021634,0.017545657960869616,20,样本内
2017-12-03 16:00:00,3396119.22041355,0.004409955514588265,20,样本内
2017-12-10 16:00:00,3337145.434485459,-0.015365051725395462,20,样本内
2017-12-17 16:00:00,3211134.8372640833,-0.03575999568949094,20,样本内
2017-12-24 16:00:00,3224255.157019004,0.006085882536810366,20,样本内
2018-01-01 16:00:00,3259003.890866587,0.012777290305929218,20,样本内
2018-01-08 16:00:00,3106056.8424217436,-0.04493061240996976,20,样本内
2018-01-15 16:00:00,3104148.91648283,0.001385740172924249,20,样本内
2018-01-22 16:00:00,3016482.4693094688,-0.026241701520135795,20,样本内
2018-01-29 16:00:00,2573738.2758362987,-0.1447749930515998,20,样本内
2018-02-05 16:00:00,2571926.9488061853,0.001296227185522658,20,样本内
2018-02-12 16:00:00,2703738.3810465657,0.05325006847553097,20,样本内
2018-02-26 16:00:00,2777834.3233432285,0.02940499702784908,20,样本内
2018-03-05 16:00:00,2830303.0987992436,0.020888374664788146,20,样本内
2018-03-12 16:00:00,2868584.7750719143,0.015525645464936788,20,样本内
2018-03-19 16:00:00,2828499.734471052,-0.01197380371993978,20,样本内
2018-03-26 16:00:00,2829664.270982194,0.0024117152626707606,20,样本内
2018-04-02 16:00:00,2825629.3956924174,0.0005740798542237802,20,样本内
2018-04-11 16:00:00,2814000.1559152086,-0.0021156281127798493,20,样本内
2018-04-18 16:00:00,2728951.121859059,-0.028223535658791914,20,样本内
2018-04-25 16:00:00,2782881.126794202,0.0217621732771833,20,样本内
2018-05-03 16:00:00,2816740.125097074,0.014166886316799581,20,样本内
2018-05-10 16:00:00,2803388.5283563123,-0.002740088239521754,20,样本内
2018-05-17 16:00:00,2754262.127270618,-0.015523935975616599,20,样本内
2018-05-24 16:00:00,2612282.6668956014,-0.04954900071755815,20,样本内
2018-05-31 16:00:00,2617736.4089656887,0.0040877304509194575,20,样本内
2018-06-07 16:00:00,2475248.800493058,-0.052431610449629004,20,样本内
2018-06-14 16:00:00,2245629.6254957514,-0.09076609888733914,20,样本内
2018-06-24 16:00:00,2204486.0722587598,-0.016321611351163407,20,样本内
2018-07-01 16:00:00,2192821.04983205,-0.003291492912340044,20,样本内
2018-07-08 16:00:00,2203815.3440791904,0.00701376719636207,20,样本内
2018-07-15 16:00:00,2227100.9769252464,0.01256605441495608,20,样本内
2018-07-22 16:00:00,2275245.716800332,0.0236176726488417,20,样本内
2018-07-29 16:00:00,2028234.296092352,-0.10656472287105381,20,样本内
2018-08-05 16:00:00,2163067.9406395117,0.06847833773787061,20,样本内
2018-08-12 16:00:00,2102839.889400588,-0.025843809298526775,20,样本内
2018-08-19 16:00:00,2132056.868836274,0.015894058022655488,20,样本内
2018-08-26 16:00:00,2095595.3073752045,-0.015101589546704286,20,样本内
2018-09-02 16:00:00,2046776.5359437675,-0.021295896521444264,20,样本内
2018-09-09 16:00:00,2033116.628643593,-0.004673863541178347,20,样本内
2018-09-16 16:00:00,2097716.670675075,0.03377389881198327,20,样本内
2018-09-23 16:00:00,2100294.1689183856,0.003228716098480966,1,样本内
2018-10-01 16:00:00,2066606.942993149,-0.014039289364206065,1,样本内
2018-10-08 16:00:00,1770292.3925209749,-0.14138215182951525,20,样本内
2018-10-15 16:00:00,1826371.934302579,0.0336781239181309,20,样本内
2018-10-22 16:00:00,1790214.3040195657,-0.017797517473800022,20,样本内
2018-10-29 16:00:00,1979249.3056233244,0.1075935041851239,20,样本内
2018-11-05 16:00:00,2029646.5963148987,0.02746283105841617,20,样本内
2018-11-12 16:00:00,1995115.3740427683,-0.01501341619512811,20,样本内
2018-11-19 16:00:00,1916258.7793387987,-0.03752482935569777,20,样本内
2018-11-26 16:00:00,1998904.5681820053,0.045128720261740043,20,样本内
2018-12-03 16:00:00,1930572.7450919165,-0.03218463501348452,20,样本内
2018-12-10 16:00:00,1881349.958474432,-0.02349646820749098,20,样本内
2018-12-17 16:00:00,1932983.8990389244,0.029445154651802263,20,样本内
2018-12-24 16:00:00,1852483.0112978334,-0.039645917372160215,20,样本内
2019-01-01 16:00:00,1904458.36206609,0.030057126813726288,20,样本内
2019-01-08 16:00:00,1920619.6530165172,0.010486030082009328,20,样本内
2019-01-15 16:00:00,1917878.7978915302,0.0005729318552570916,20,样本内
2019-01-22 16:00:00,1817574.300938584,-0.050299705832933084,20,样本内
2019-01-29 16:00:00,1947808.1583105607,0.07365256314678571,20,样本内
2019-02-10 16:00:00,2026947.7811457848,0.042630091057769305,20,样本内
2019-02-17 16:00:00,2197067.359035223,0.08592893959669413,20,样本内
2019-02-24 16:00:00,2224574.087135048,0.014519747283444124,20,样本内
2019-03-03 16:00:00,2303264.533390256,0.0373732639026425,20,样本内
2019-03-10 16:00:00,2338621.0600428297,0.017350614807814156,20,样本内
2019-03-17 16:00:00,2371281.668051148,0.015965754677553373,20,样本内
2019-03-24 16:00:00,2469959.3082554513,0.04361363094642498,20,样本内
2019-03-31 16:00:00,2507482.8493868723,0.01719196733565793,20,样本内
2019-04-08 16:00:00,2477726.751979954,-0.009866919613904374,20,样本内
2019-04-15 16:00:00,2431981.058643871,-0.016462767655685894,20,样本内
2019-04-22 16:00:00,2285261.5220884588,-0.058329226674662706,20,样本内
2019-04-29 16:00:00,2143456.9455894497,-0.06005179369117303,20,样本内
2019-05-07 16:00:00,2207554.185747136,0.03190367513076377,20,样本内
2019-05-14 16:00:00,2205812.0337335938,0.0012108225361850023,20,样本内
2019-05-21 16:00:00,2188561.787207168,-0.005820361056434914,20,样本内
2019-05-28 16:00:00,2102970.2021371545,-0.03710859888458392,20,样本内
2019-06-04 16:00:00,2143204.919941444,0.021132329009417566,20,样本内
2019-06-12 16:00:00,2196304.0326483953,0.0267755649554976,20,样本内
2019-06-19 16:00:00,2216483.9945565434,0.011188145907019036,20,样本内
2019-06-26 16:00:00,2186162.1435233406,-0.011680157902186572,20,样本内
2019-07-03 16:00:00,2093188.9732369566,-0.04052803048567252,20,样本内
2019-07-10 16:00:00,2086044.663526178,-0.001413122179661852,20,样本内
2019-07-17 16:00:00,2087659.9024023437,0.0027743069476926117,20,样本内
2019-07-24 16:00:00,2066612.3274407415,-0.008081898367345224,20,样本内
2019-07-31 16:00:00,1926200.7294289607,-0.06594288224616578,20,样本内
2019-08-07 16:00:00,1923415.9092946663,0.0005542419895563256,20,样本内
2019-08-14 16:00:00,1977820.0175057799,0.030285150366185752,20,样本内
2019-08-21 16:00:00,2007809.8969371957,0.017163098343617716,20,样本内
2019-08-28 16:00:00,2112810.3427200858,0.054296009668575985,20,样本内
2019-09-04 16:00:00,2146227.377318849,0.017816391051807066,20,样本内
2019-09-11 16:00:00,2156673.424561238,0.0068671670824730965,20,样本内
2019-09-18 16:00:00,2024795.28658782,-0.05914886772912671,20,样本内
2019-09-25 16:00:00,2042098.6787755927,0.010545748946764993,20,样本内
2019-10-03 16:00:00,2081988.0855364522,0.02153353536508651,1,样本内
2019-10-13 16:00:00,2001068.3801589655,-0.036866555452279,20,样本内
2019-10-20 16:00:00,2103658.1306453734,0.05326748865936198,20,样本内
2019-10-27 16:00:00,2098050.3481591265,-0.0006657290006177429,20,样本内
2019-11-03 16:00:00,2025208.4648482092,-0.03271884427122086,20,样本内
2019-11-10 16:00:00,1983963.3037638823,-0.018365884204132217,20,样本内
2019-11-17 16:00:00,1993404.2176948092,0.006758613182520146,20,样本内
2019-11-24 16:00:00,2009348.7865750794,0.00999866316060503,20,样本内
2019-12-01 16:00:00,2055383.8426282785,0.02491043564002917,20,样本内
2019-12-08 16:00:00,2103008.8994773137,0.025170882178452696,20,样本内
2019-12-15 16:00:00,2066419.5172064884,-0.015398586510936525,20,样本内
2019-12-22 16:00:00,2086825.2093479463,0.011874902928251291,20,样本内
2019-12-29 16:00:00,2188512.0393247567,0.050728005355361594,20,样本内
2020-01-06 16:00:00,2211139.3360141283,0.012339123698105404,20,样本内
2020-01-13 16:00:00,2120011.8065856365,-0.039212929436080304,20,样本内
2020-01-20 16:00:00,1798429.4378165456,-0.14968895181155242,20,样本内
2020-01-29 16:00:00,1837024.8845437125,0.023460639998211574,1,样本内
2020-02-05 16:00:00,1912954.0304523814,0.043332671401197974,20,样本内
2020-02-12 16:00:00,2015695.7203565037,0.05570839459211977,20,样本内
2020-02-19 16:00:00,2006336.4384122004,-0.0026432017738510505,20,样本内
2020-02-26 16:00:00,2090529.4803240893,0.04396357116382667,20,样本内
2020-03-04 16:00:00,1962386.7785816516,-0.05929676856916268,20,样本内
2020-03-11 16:00:00,1816705.8862061554,-0.07223658473728074,20,样本内
2020-03-18 16:00:00,1836724.4254520677,0.013019141512068016,20,样本内
2020-03-25 16:00:00,1824973.5665904167,-0.004397725591719454,20,样本内
2020-04-01 16:00:00,1869330.7507236635,0.026305658418997697,20,样本内
2020-04-08 16:00:00,1795805.1625848305,-0.03733257295979821,20,样本内
2020-04-15 16:00:00,1826906.8625924182,0.019319083748941174,20,样本内
2020-04-22 16:00:00,1800250.5206539924,-0.01259096929582924,20,样本内
2020-04-29 16:00:00,1811782.9996342396,0.008406041185899871,20,样本内
2020-05-07 16:00:00,1800197.5085531664,-0.0043945246662608906,20,样本内
2020-05-14 16:00:00,1743775.2612627784,-0.029342253848431886,20,样本内
2020-05-21 16:00:00,1755801.878612412,0.00889688494658673,20,样本内
2020-05-28 16:00:00,1809882.385692764,0.03280103042325657,20,样本内
2020-06-04 16:00:00,1810589.434557666,0.0023906601171938937,20,样本内
2020-06-11 16:00:00,1838521.1562933323,0.01742686663389805,20,样本内
2020-06-18 16:00:00,1880788.7557326702,0.024989998942712303,20,样本内
2020-06-28 16:00:00,2087399.7509480591,0.11185337645476438,20,样本内
2020-07-05 16:00:00,2241671.5510832155,0.07590620798200667,20,样本内
2020-07-12 16:00:00,2118701.8161101965,-0.052856267821036515,20,样本内
2020-07-19 16:00:00,2101725.313328045,-0.006012690909624685,20,样本内
2020-07-26 16:00:00,2243046.1464722403,0.06924039161921526,20,样本内
2020-08-02 16:00:00,2278288.2930865176,0.017711734985793627,20,样本内
2020-08-09 16:00:00,2295478.2452374385,0.009545117184284463,20,样本内
2020-08-16 16:00:00,2271249.774501217,-0.008554868375027908,20,样本内
2020-08-23 16:00:00,2260890.6907817144,-0.0025609619143617144,20,样本内
2020-08-30 16:00:00,2211009.0169887184,-0.02006284186863941,20,样本内
2020-09-06 16:00:00,2182337.392805201,-0.010967664972514012,20,样本内
2020-09-13 16:00:00,2176657.8754556263,-0.0006024927989132678,20,样本内
2020-09-20 16:00:00,2073570.0661667327,-0.04536059371173108,20,样本内
2020-09-27 16:00:00,2193756.7392884423,0.059961230769447996,20,样本内
2020-10-06 16:00:00,2127503.755217341,-0.02820069768200051,1,样本外
2020-10-13 16:00:00,2109869.944622676,-0.006288497988039288,20,样本外
2020-10-20 16:00:00,2089758.6648637229,-0.007531999737808365,20,样本外
2020-10-27 16:00:00,2050331.640484186,-0.016866783539384523,20,样本外
2020-11-03 16:00:00,2089777.4375264603,0.021238739852329037,20,样本外
2020-11-10 16:00:00,2094092.2254455583,0.0040647116968614005,20,样本外
2020-11-17 16:00:00,2117108.0771674938,0.012990849133704241,20,样本外
2020-11-24 16:00:00,2132698.7505703517,0.009364136753810426,20,样本外
2020-12-01 16:00:00,2109321.2581164385,-0.008961460191066185,20,样本外
2020-12-08 16:00:00,2079908.6986349965,-0.011944087164658168,20,样本外
2020-12-15 16:00:00,2069968.435261879,-0.0027791825572156758,20,样本外
2020-12-22 16:00:00,2044997.2521522997,-0.010063557436043803,20,样本外
2020-12-29 16:00:00,1999309.431900309,-0.020341262416810463,20,样本外
2021-01-06 16:00:00,1948759.4934002056,-0.02328369930814389,20,样本外
2021-01-13 16:00:00,2010118.5238348749,0.03348619962723563,20,样本外
2021-01-20 16:00:00,1931348.1672434502,-0.03718692139662877,20,样本外
2021-01-27 16:00:00,1862122.188914162,-0.03384334482171176,20,样本外
2021-02-03 16:00:00,1951779.7679080458,0.05014806435777699,20,样本外
2021-02-10 16:00:00,2130182.630705411,0.09340522190604572,1,样本外
2021-02-21 16:00:00,2136310.5789967384,0.004876724372359526,20,样本外
2021-02-28 16:00:00,2089393.0036495628,-0.019961963680959354,20,样本外
2021-03-07 16:00:00,2054646.0690599626,-0.014630157432760355,20,样本外
2021-03-14 16:00:00,2086081.34981103,0.017299608640358004,20,样本外
2021-03-21 16:00:00,2078057.59801262,-0.0018463273731568308,20,样本外
2021-03-28 16:00:00,2102575.667570686,0.013798551484575988,20,样本外
2021-04-05 16:00:00,2080001.242776521,-0.00873655761471242,20,样本外
2021-04-12 16:00:00,2138933.148893127,0.030332630243018556,20,样本外
2021-04-19 16:00:00,2135037.9740511146,0.0001789169782945188,20,样本外
2021-04-26 16:00:00,2163688.690446908,0.015419300613857656,20,样本外
2021-05-03 16:00:00,2164963.769976271,0.002589308219335118,1,样本外
2021-05-10 16:00:00,2157779.627554262,-0.0013183661184721807,20,样本外
2021-05-17 16:00:00,2164298.151965922,0.005020940752438446,20,样本外
2021-05-24 16:00:00,2208749.2422236064,0.02253833951542558,20,样本外
2021-05-31 16:00:00,2178135.9168985845,-0.011860027539478684,20,样本外
2021-06-07 16:00:00,2132731.8491795594,-0.01884537854904623,20,样本外
2021-06-15 16:00:00,2177150.4420781643,0.02282708752893246,20,样本外
2021-06-22 16:00:00,2155112.922790659,-0.008122184880558696,20,样本外
2021-06-29 16:00:00,2161961.714261096,0.005177926965223084,20,样本外
2021-07-06 16:00:00,2149012.8009811207,-0.0039894276547820014,20,样本外
2021-07-13 16:00:00,2128028.20121096,-0.00776476257404346,20,样本外
2021-07-20 16:00:00,1988056.242844678,-0.0637754245393132,20,样本外
2021-07-27 16:00:00,2051113.3305262476,0.033717959644513,20,样本外
2021-08-03 16:00:00,2108556.008655984,0.030005609087918318,20,样本外
2021-08-10 16:00:00,2070785.4636946737,-0.015912991073633215,20,样本外
2021-08-17 16:00:00,2133339.768731988,0.032208008571638976,20,样本外
2021-08-24 16:00:00,2137990.3119926937,0.004179935577477184,20,样本外
2021-08-31 16:00:00,2254206.8603023873,0.05635784608461355,20,样本外
2021-09-07 16:00:00,2205627.840960706,-0.019550382175291765,20,样本外
2021-09-14 16:00:00,2174107.344135111,-0.012290940765358416,20,样本外
2021-09-21 16:00:00,2117978.434029409,-0.023816991169785372,20,样本外
2021-09-28 16:00:00,2156705.623390077,0.020284978136906866,20,样本外
2021-10-06 16:00:00,2109292.2286217227,-0.019984175426698392,1,样本外
2021-10-13 16:00:00,2072740.430863331,-0.015328939661563951,20,样本外
2021-10-20 16:00:00,1983456.8918175106,-0.04107511819443425,20,样本外
2021-10-27 16:00:00,2072678.237478876,0.04698275008115189,20,样本外
2021-11-03 16:00:00,2123927.434156187,0.02672607457858393,20,样本外
2021-11-10 16:00:00,2157936.497449724,0.01801234710123157,20,样本外
2021-11-17 16:00:00,2169042.472503673,0.0071465717675539275,20,样本外
2021-11-24 16:00:00,2143718.38042391,-0.009675240296485177,20,样本外
2021-12-01 16:00:00,2184310.6940337876,0.020935469313767958,20,样本外
2021-12-08 16:00:00,2250031.9315167842,0.032087861430385015,20,样本外
2021-12-15 16:00:00,2243896.010802194,-0.00072703717162525,20,样本外
2021-12-22 16:00:00,2256803.886437069,0.0077524393165887325,20,样本外
2021-12-29 16:00:00,2277107.595061355,0.010996665038689069,20,样本外
2022-01-05 16:00:00,2243160.623283469,-0.012907934895790873,20,样本外
2022-01-12 16:00:00,2174362.434349299,-0.028670201776930866,20,样本外
2022-01-19 16:00:00,2027235.442582769,-0.06566442863540325,20,样本外
2022-01-26 16:00:00,2133669.9391642236,0.05450228678216743,20,样本外
2022-02-07 16:00:00,2195232.0965369646,0.03085270877315524,20,样本外
2022-02-14 16:00:00,2274588.493765426,0.03814943374490939,20,样本外
2022-02-21 16:00:00,2358507.3165552407,0.038894068100596584,20,样本外
2022-02-28 16:00:00,2201760.9631106183,-0.0644599818471461,20,样本外
2022-03-07 16:00:00,2088207.5942939632,-0.049573885957278775,20,样本外
2022-03-14 16:00:00,2212150.343197394,0.06135365298072139,20,样本外
2022-03-21 16:00:00,2155897.4531194335,-0.023429053794171102,20,样本外
2022-03-28 16:00:00,2167854.207952307,0.007546068443827348,20,样本外
2022-04-05 16:00:00,2057679.8341141862,-0.048821855747480505,20,样本外
2022-04-12 16:00:00,2054292.614663217,0.0003538646805919088,20,样本外
2022-04-19 16:00:00,1793740.3066888093,-0.12483310357766284,20,样本外
2022-04-26 16:00:00,1876318.3598877068,0.04803679411727906,20,样本外
2022-05-04 16:00:00,1894094.3750547855,0.01147388009790754,20,样本外
2022-05-11 16:00:00,1923842.7860973598,0.01770587581820666,20,样本外
2022-05-18 16:00:00,1970928.301117761,0.026474720783145212,20,样本外
2022-05-25 16:00:00,1970763.1419121854,0.001916202326851718,20,样本外
2022-06-01 16:00:00,1966451.812900991,-0.00018764443047745717,20,样本外
2022-06-09 16:00:00,1949244.950895962,-0.006750207806844,20,样本外
2022-06-16 16:00:00,1961914.127097593,0.008499530085127355,20,样本外
2022-06-23 16:00:00,1986654.3098514252,0.014610227130803306,20,样本外
2022-06-30 16:00:00,1980221.4528798785,-0.0012380353943046928,20,样本外
2022-07-07 16:00:00,1880466.6647864068,-0.0483755718575799,20,样本外
2022-07-14 16:00:00,2019874.6079387977,0.07613475908025495,20,样本外
2022-07-21 16:00:00,2018639.377824513,0.001388461982030975,20,样本外
2022-07-28 16:00:00,1961230.2279366294,-0.02643952739580141,20,样本外
2022-08-04 16:00:00,1998334.0687544188,0.020918656407221282,20,样本外
2022-08-11 16:00:00,2025170.6152694563,0.015429459535644563,20,样本外
2022-08-18 16:00:00,2009175.5813530048,-0.005898116729450615,20,样本外
2022-08-25 16:00:00,1996243.3170384539,-0.004436602372920678,20,样本外
2022-09-01 16:00:00,2044246.14602221,0.02604658218466633,20,样本外
2022-09-08 16:00:00,1864487.13116012,-0.0859341341608365,20,样本外
2022-09-18 16:00:00,1828612.346268294,-0.017241100832647793,20,样本外
2022-09-25 16:00:00,1749697.4158724193,-0.04115563687236324,20,样本外
2022-10-02 16:00:00,1676089.9102099729,-0.04006870570574905,1,样本外
2022-10-10 16:00:00,1803882.3739171096,0.07824439651398388,20,样本外
2022-10-17 16:00:00,1729381.6863504825,-0.03930019154455712,20,样本外
2022-10-24 16:00:00,1677036.7159128368,-0.028268026341894043,20,样本外
2022-10-31 16:00:00,1750983.3835381013,0.046093648590761066,20,样本外
2022-11-07 16:00:00,1816474.4629917603,0.039402456282209425,20,样本外
2022-11-14 16:00:00,1813184.3782534548,0.00018875255042850593,20,样本外
2022-11-21 16:00:00,1823587.3314638329,0.007737394020788396,20,样本外
2022-11-28 16:00:00,1817837.5500050802,-0.001153005814170227,20,样本外
2022-12-05 16:00:00,1774200.2592824537,-0.022005055194565935,20,样本外
2022-12-12 16:00:00,1738540.4713425548,-0.018099077177635436,20,样本外
2022-12-19 16:00:00,1713900.5762588964,-0.012172747479747049,20,样本外
2022-12-26 16:00:00,1732413.9167159838,0.012801875390869261,20,样本外
2023-01-03 16:00:00,1700030.2658349548,-0.016692790775091622,20,样本外
2023-01-10 16:00:00,1744290.4132584499,0.028034917326461455,20,样本外
2023-01-17 16:00:00,1787151.978745995,0.026572493870144563,20,样本外
2023-01-29 16:00:00,1761299.472697138,-0.0124657568893481,20,样本外
2023-02-05 16:00:00,1824742.8166015698,0.03802075904064086,20,样本外
2023-02-12 16:00:00,1814991.106418163,-0.0033441559515594243,20,样本外
2023-02-19 16:00:00,1808281.978089931,-0.0016965075500960547,20,样本外
2023-02-26 16:00:00,1842312.121662375,0.020819047020747244,20,样本外
2023-03-05 16:00:00,1809995.306664658,-0.015541444046167713,20,样本外
2023-03-12 16:00:00,1773526.412361517,-0.018148612633887617,20,样本外
2023-03-19 16:00:00,1794045.9215453146,0.013569892075345596,20,样本外
2023-03-26 16:00:00,1808985.8338975117,0.010327497179854029,20,样本外
2023-04-02 16:00:00,1754840.4005409225,-0.027931374995862252,20,样本外
2023-04-10 16:00:00,1778145.866045265,0.015280675266627491,20,样本外
2023-04-17 16:00:00,1628806.4266704894,-0.08198604536697437,20,样本外
2023-04-24 16:00:00,1677200.5595437922,0.03171140835453791,20,样本外
2023-05-02 16:00:00,1699393.0134479718,0.01523184265465316,1,样本外
2023-05-09 16:00:00,1687031.0869808206,-0.00527431875341749,20,样本外
2023-05-16 16:00:00,1666107.6724175967,-0.01040250682082532,20,样本外
2023-05-23 16:00:00,1667071.816242525,0.0025786803823604487,20,样本外
2023-05-30 16:00:00,1672046.5213637901,0.004984097669216076,20,样本外
2023-06-06 16:00:00,1695958.064092324,0.01630076401763661,20,样本外
2023-06-13 16:00:00,1695392.7833431605,0.0016666894299264047,20,样本外
2023-06-20 16:00:00,1754199.8567846462,0.036686400708585955,20,样本外
2023-06-28 16:00:00,1770089.5159960692,0.011058066645010467,20,样本外
2023-07-05 16:00:00,1774184.4479214277,0.004313403863676513,20,样本外
2023-07-12 16:00:00,1733257.874048823,-0.021067823596668717,20,样本外
2023-07-19 16:00:00,1737773.1631202416,0.004605087874703184,20,样本外
2023-07-26 16:00:00,1734680.5419242945,0.00022035392099508666,20,样本外
2023-08-02 16:00:00,1716076.1024160392,-0.008724994636544086,20,样本外
2023-08-09 16:00:00,1721936.2127118914,0.0054148312464708855,20,样本外
2023-08-16 16:00:00,1666580.5881316606,-0.030147314268425103,20,样本外
2023-08-23 16:00:00,1705054.7697697505,0.02508570129286209,20,样本外
2023-08-30 16:00:00,1721866.130002539,0.011859718603091257,20,样本外
2023-09-06 16:00:00,1739027.2329489249,0.011966572108808905,20,样本外
2023-09-13 16:00:00,1709678.8861267888,-0.014876300880216303,20,样本外
2023-09-20 16:00:00,1723654.875504857,0.010174628283402626,20,样本外
2023-09-27 16:00:00,1699208.475336201,-0.012182885748224681,20,样本外
2023-10-05 16:00:00,1686110.7988241988,-0.005708104509901779,1,样本外
2023-10-12 16:00:00,1648484.8029713284,-0.020315257027657286,20,样本外
2023-10-19 16:00:00,1714641.4283831469,0.04213177755267975,20,样本外
2023-10-26 16:00:00,1728879.5267540612,0.01030383433832025,20,样本外
2023-11-02 16:00:00,1715207.4641132262,-0.0059080482065191845,20,样本外
2023-11-09 16:00:00,1736142.4227666203,0.01420549647282342,20,样本外
2023-11-16 16:00:00,1737449.3558717058,0.0027527798917571676,20,样本外
2023-11-23 16:00:00,1717113.777508383,-0.009704271145860376,20,样本外
2023-11-30 16:00:00,1654388.6579279539,-0.034529390423648255,20,样本外
2023-12-07 16:00:00,1650321.9333227673,-0.0004581434269985196,20,样本外
2023-12-14 16:00:00,1608421.2874621332,-0.023389377075217682,20,样本外
2023-12-21 16:00:00,1627547.0245308573,0.01389099971370183,20,样本外
2023-12-28 16:00:00,1592491.4631298943,-0.01953889311497333,20,样本外
2024-01-07 16:00:00,1611406.1359093024,0.01387740921526387,20,样本外
2024-01-14 16:00:00,1452841.666579484,-0.09640130665776685,20,样本外
2024-01-21 16:00:00,1507058.5503973507,0.039317820010980956,20,样本外
2024-01-28 16:00:00,1262117.0721764772,-0.16052950368536933,20,样本外
2024-02-04 16:00:00,1378362.0716860509,0.09410318287598579,20,样本外
2024-02-13 16:00:00,1457678.5127438167,0.05954398114041526,1,样本外
2024-02-20 16:00:00,1478687.3778936253,0.01641255048087602,20,样本外
2024-02-27 16:00:00,1515412.6826337632,0.026836422687568057,20,样本外
2024-03-05 16:00:00,1533524.11901975,0.01395148793034342,20,样本外
2024-03-12 16:00:00,1554450.5400155345,0.015645967961143543,20,样本外
2024-03-19 16:00:00,1476036.5944091184,-0.04844479936018574,20,样本外
2024-03-26 16:00:00,1555480.9874458644,0.05582278009750089,20,样本外
2024-04-02 16:00:00,1497916.1562562569,-0.0350077369342394,20,样本外
2024-04-10 16:00:00,1389718.8987824938,-0.07023185157718084,20,样本外
2024-04-17 16:00:00,1401956.2250919016,0.010805612645930556,20,样本外
2024-04-24 16:00:00,1449128.2077690721,0.03564725790498807,20,样本外
2024-05-02 16:00:00,1518931.7631645268,0.05016934417619057,1,样本外
2024-05-09 16:00:00,1519688.211392398,0.0024980133052818487,20,样本外
2024-05-16 16:00:00,1458018.8243446997,-0.03858028915759921,20,样本外
2024-05-23 16:00:00,1441373.2089585417,-0.009416598406155214,20,样本外
2024-05-30 16:00:00,1336180.0654274279,-0.07098119798349845,20,样本外
2024-06-06 16:00:00,1312772.6763741015,-0.015518139702105693,20,样本外
2024-06-16 16:00:00,1246721.1454195196,-0.048314522950780245,20,样本外
2024-06-23 16:00:00,1296109.5116510787,0.04161460540956805,20,样本外
2024-06-30 16:00:00,1234313.4824196368,-0.04567809253457407,20,样本外
2024-07-07 16:00:00,1254106.9668133704,0.018036027051192914,20,样本外
2024-07-14 16:00:00,1247070.0407316377,-0.003611105167219597,20,样本外
2024-07-21 16:00:00,1249337.1942756649,0.0038179841307845407,20,样本外
2024-07-28 16:00:00,1266349.2474426094,0.015616862801245501,20,样本外
2024-08-04 16:00:00,1281668.3834226679,0.014097086179815959,20,样本外
2024-08-11 16:00:00,1283496.6551535963,0.003426477983365672,20,样本外
2024-08-18 16:00:00,1247095.872432749,-0.02636063699479692,20,样本外
2024-08-25 16:00:00,1244173.5715393957,-0.00034328487324135625,20,样本外
2024-09-01 16:00:00,1235909.1209402166,-0.004642522223771034,20,样本外
2024-09-08 16:00:00,1206973.694964112,-0.021412260242963395,20,样本外
2024-09-15 16:00:00,1286101.767034521,0.06755906926601396,1,样本外
2024-09-22 16:00:00,1606490.5779101644,0.25111622010627693,20,样本外
2024-09-29 16:00:00,1630976.309929741,0.017241752647830417,20,样本外
2024-10-07 16:00:00,1520539.7224065599,-0.0657119507198351,20,样本外
2024-10-14 16:00:00,1562246.2096710785,0.029428739052281855,20,样本外
2024-10-21 16:00:00,1639875.1288725787,0.051690579321581186,20,样本外
2024-10-28 16:00:00,1693129.9631014138,0.0344749325672424,20,样本外
2024-11-04 16:00:00,1698294.9500835629,0.005050555536025081,20,样本外
2024-11-11 16:00:00,1664839.274845786,-0.017699567048780784,20,样本外
2024-11-18 16:00:00,1640369.0761174303,-0.012698234897553312,20,样本外
2024-11-25 16:00:00,1757209.0479456494,0.07322785568767612,20,样本外
2024-12-02 16:00:00,1779329.1931304336,0.014588226318686892,20,样本外
2024-12-09 16:00:00,1732697.0277933418,-0.024207722279344108,20,样本外
2024-12-16 16:00:00,1722240.0889410998,-0.004035064806199434,20,样本外
2024-12-23 16:00:00,1676748.8824875287,-0.024413974884036495,20,样本外
2024-12-30 16:00:00,1609082.5415271209,-0.038355679772407,20,样本外
2025-01-07 16:00:00,1616372.521475404,0.006530519572578669,20,样本外
2025-01-14 16:00:00,1637435.9220551706,0.015031278557334066,20,样本外
2025-01-21 16:00:00,1692242.2023597206,0.0354707939201442,20,样本外
2025-02-02 16:00:00,1717798.2056525375,0.01710185909391737,1,样本外
2025-02-09 16:00:00,1715282.703815216,0.000535624365513837,20,样本外
2025-02-16 16:00:00,1713735.6436468135,0.001098072775431541,20,样本外
2025-02-23 16:00:00,1684466.56001633,-0.015079112370096393,20,样本外
2025-03-02 16:00:00,1710345.450514594,0.01736325571106213,20,样本外
2025-03-09 16:00:00,1741273.9974037868,0.020083216393441055,20,样本外
2025-03-16 16:00:00,1642660.284009348,-0.054633082180903306,20,样本外
2025-03-23 16:00:00,1603549.1484913481,-0.021809631181036848,20,样本外
2025-03-30 16:00:00,1445176.5351638554,-0.09676380370161586,20,样本外
2025-04-07 16:00:00,1578117.1437861342,0.09398918290436102,20,样本外
2025-04-14 16:00:00,1601667.3587167857,0.01692298276042501,20,样本外
2025-04-21 16:00:00,1589757.433435938,-0.0054359542985189194,20,样本外
2025-04-28 16:00:00,1635437.7161828065,0.03073412118485262,20,样本外
2025-05-07 16:00:00,1651780.3439408164,0.011992815743637374,20,样本外
2025-05-14 16:00:00,1654570.385608854,0.0036891117988370747,20,样本外
2025-05-21 16:00:00,1658721.4992677541,0.004508877044461734,20,样本外
2025-05-28 16:00:00,1671107.5615772114,0.009467234442264766,20,样本外
2025-06-04 16:00:00,1693809.0503281814,0.01558469632531866,20,样本外
2025-06-11 16:00:00,1657100.2953355138,-0.019672310102225025,20,样本外
2025-06-18 16:00:00,1702636.0712274995,0.029479191223465474,20,样本外
2025-06-25 16:00:00,1759290.6835904324,0.03527464589780967,20,样本外
2025-07-02 16:00:00,1766824.4628172244,0.006282282227185382,20,样本外
2025-07-09 16:00:00,1790121.3890948896,0.01518576166899896,20,样本外
2025-07-16 16:00:00,1808676.7081806455,0.012365397117084814,20,样本外
2025-07-23 16:00:00,1784265.5336322875,-0.011496704213608887,20,样本外
2025-07-30 16:00:00,1871800.759792485,0.051059528702546396,20,样本外
2025-08-06 16:00:00,1871655.588368097,0.0019224429076501847,20,样本外
2025-08-13 16:00:00,1947997.1889270588,0.04278827377932502,20,样本外
2025-08-20 16:00:00,1925060.6696031988,-0.00977441089455236,20,样本外
2025-08-27 16:00:00,1862568.2647836136,-0.030462563807127353,20,样本外
2025-09-03 16:00:00,1947710.2040879645,0.04771211746391607,20,样本外
2025-09-10 16:00:00,1905651.2540464797,-0.019594049234433898,20,样本外
2025-09-17 16:00:00,1876903.8918911063,-0.01308532166855344,20,样本外
2025-09-24 16:00:00,1915434.1858862462,0.022528645159512035,20,样本外
2025-10-02 16:00:00,1945609.6106366315,0.0177538301095026,1,样本外
2025-10-12 16:00:00,1912097.1168981623,-0.015224675266434113,20,样本外
2025-10-19 16:00:00,1935283.3743799273,0.014126087779149154,20,样本外
2025-10-26 16:00:00,1964436.4395642988,0.01706397748790271,20,样本外
2025-11-02 16:00:00,2001477.5068459013,0.02085582375463249,20,样本外
2025-11-09 16:00:00,2017742.8354723952,0.010126660714826796,20,样本外
2025-11-16 16:00:00,1914628.6403314,-0.04910373498952544,20,样本外
2025-11-23 16:00:00,1963695.9916449734,0.027627607505693746,20,样本外
2025-11-30 16:00:00,1985633.1317189103,0.013171352473740221,20,样本外
2025-12-07 16:00:00,1919805.1127070822,-0.031152155833964523,20,样本外
2025-12-14 16:00:00,1940403.7753383762,0.0127295592114807,20,样本外
2025-12-21 16:00:00,1929055.4002501061,-0.00384846063097935,20,样本外
2025-12-28 16:00:00,1949717.508433246,0.012710997818134817,20,样本外
2026-01-05 16:00:00,1993000.6546332526,0.024199701245329625,20,样本外
2026-01-12 16:00:00,1983186.015588013,-0.0029245538492036704,20,样本外
2026-01-19 16:00:00,1989830.4702818966,0.005350394083892146,20,样本外
2026-01-26 16:00:00,1969870.0067560037,-0.008031238250696376,20,样本外
2026-02-02 16:00:00,2052742.6013102874,0.044070082934436296,20,样本外
2026-02-09 16:00:00,2080521.476504851,0.015532566224733674,20,样本外
2026-02-19 16:00:00,2082117.7719549572,0.0027672573766399644,1,样本外
2026-02-26 16:00:00,2014246.0590193265,-0.030597441820932113,20,样本外
2026-03-05 16:00:00,1971736.3055440756,-0.019104548416466798,20,样本外
2026-03-12 16:00:00,1856243.885713564,-0.05657396828661774,20,样本外
2026-03-19 16:00:00,1863476.3632261886,0.00589629701586557,20,样本外
2026-03-26 16:00:00,1846517.533265214,-0.0071006413044135295,20,样本外
2026-04-02 16:00:00,1954087.5545364127,0.060255618662326815,20,样本外
2026-04-12 16:00:00,1977004.7799453912,0.01372783960256858,20,样本外
2026-04-19 16:00:00,1932576.4635155695,-0.02047253870122105,20,样本外
2026-04-26 16:00:00,1959644.8677867928,0.016006382040886048,20,样本外
2026-05-04 16:00:00,2014455.1367502038,0.029969490729875536,1,样本外
2026-05-11 16:00:00,1981074.538563867,-0.014570534422616892,20,样本外
2026-05-18 16:00:00,1899959.0242658744,-0.03894521065158686,20,样本外
